Location,Name,Frequency,Duplex,Offset,Tone,rToneFreq,cToneFreq,DtcsCode,DtcsPolarity,RxDtcsCode,CrossMode,Mode,TStep,Skip,Power,Comment,URCALL,RPT1CALL,RPT2CALL,DVCODE
1,FRS/GMRS 1,462.5625,,0,,88.5,88.5,23,NN,23,Tone->Tone,FM,5,,5.0W,,,,,
2,FRS/GMRS 2,462.5875,,0,,88.5,88.5,23,NN,23,Tone->Tone,FM,5,,5.0W,,,,,
3,FRS/GMRS 3,462.6125,,0,,88.5,88.5,23,NN,23,Tone->Tone,FM,5,,5.0W,,,,,
4,FRS/GMRS 4,462.6375,,0,,88.5,88.5,23,NN,23,Tone->Tone,FM,5,,5.0W,,,,,
5,FRS/GMRS 5,462.6625,,0,,88.5,88.5,23,NN,23,Tone->Tone,FM,5,,5.0W,,,,,
6,FRS/GMRS 6,462.6875,,0,,88.5,88.5,23,NN,23,Tone->Tone,FM,5,,5.0W,,,,,
7,FRS/GMRS 7,462.7125,,0,,88.5,88.5,23,NN,23,Tone->Tone,FM,5,,5.0W,,,,,
8,FRS/GMRS 8,467.5625,,0,,88.5,88.5,23,NN,23,Tone->Tone,NFM,5,,0.5W,,,,,
9,FRS/GMRS 9,467.5875,,0,,88.5,88.5,23,NN,23,Tone->Tone,NFM,5,,0.5W,,,,,
10,FRS/GMRS 10,467.6125,,0,,88.5,88.5,23,NN,23,Tone->Tone,NFM,5,,0.5W,,,,,
11,FRS/GMRS 11,467.6375,,0,,88.5,88.5,23,NN,23,Tone->Tone,NFM,5,,0.5W,,,,,
12,FRS/GMRS 12,467.6625,,0,,88.5,88.5,23,NN,23,Tone->Tone,NFM,5,,0.5W,,,,,
13,FRS/GMRS 13,467.6875,,0,,88.5,88.5,23,NN,23,Tone->Tone,NFM,5,,0.5W,,,,,
14,FRS/GMRS 14,467.7125,,0,,88.5,88.5,23,NN,23,Tone->Tone,NFM,5,,0.5W,,,,,
15,West Seattle,462.55,+,5,Tone,103.5,103.5,23,NN,23,Tone->Tone,FM,5,,5.0W,,,,,
16,Beacon Hill,462.575,+,5,Tone,103.5,103.5,23,NN,23,Tone->Tone,FM,5,,5.0W,,,,,
17,Capitol Hill,462.6,+,5,Tone,103.5,103.5,23,NN,23,Tone->Tone,FM,5,,5.0W,https://mygmrs.com/repeater/4854: Seattle,,,,
18,Magnolia,462.625,+,5,Tone,100,100,23,NN,23,Tone->Tone,FM,5,,5.0W,,,,,
19,Maple Leaf,462.675,+,5,Tone,141.3,141.3,23,NN,23,Tone->Tone,FM,5,,5.0W,https://mygmrs.com/repeater/4855: Seattle,,,,
20,East Tiger Mtn,462.625,+,5,TSQL,141.3,141.3,23,NN,23,Tone->Tone,FM,5,,5.0W,,,,,
21,Olympia,462.65,+,5,Tone,141.3,141.3,23,NN,23,Tone->Tone,FM,5,,5.0W,,,,,
22,Lk Forest Park,462.725,+,5,TSQL,141.3,141.3,23,NN,23,Tone->Tone,FM,5,,5.0W,https://mygmrs.com/repeater/6475: Seattle,,,,
23,Snohomish,462.725,+,5,TSQL,141.3,141.3,23,NN,23,Tone->Tone,FM,5,,5.0W,,,,,
24,WA-Auburn Valley GMRS,462.7,+,5,TSQL,254.1,254.1,23,NN,23,Tone->Tone,FM,5,,5.0W,https://mygmrs.com/repeater/10745: Auburn,,,,
25,WA-Mercer Island,462.7,+,5,TSQL,254.1,254.1,23,NN,23,Tone->Tone,FM,5,,5.0W,https://mygmrs.com/repeater/4311: Mercer Island,,,,
26,WA-SeaTac Repeater Assoc. GMRS,462.625,+,5,TSQL,141.3,141.3,23,NN,23,Tone->Tone,FM,5,,5.0W,https://mygmrs.com/repeater/3641: Issaquah,,,,
27,WA-WSCC621,462.7,+,5,TSQL,114.8,114.8,23,NN,23,Tone->Tone,FM,5,,5.0W,https://mygmrs.com/repeater/8846: Moses Lake,,,,
28,WA-AI-15,462.725,+,5,DTCS,88.5,88.5,454,NN,454,Tone->Tone,FM,5,,5.0W,https://mygmrs.com/repeater/10567: Anderson Island,,,,
29,WA-AMF462AMBOY,462.55,+,5,TSQL,127.3,127.3,23,NN,23,Tone->Tone,FM,5,,5.0W,https://mygmrs.com/repeater/4680: Amboy,,,,
30,WA-BUCKLEY REPEATER,462.55,+,5,TSQL,123,123,23,NN,23,Tone->Tone,FM,5,,5.0W,https://mygmrs.com/repeater/10532: Buckley,,,,
31,WA-Bellingham 550,462.55,+,5,TSQL,151.4,151.4,23,NN,23,Tone->Tone,FM,5,,5.0W,https://mygmrs.com/repeater/4815: Bellingham,,,,
32,WA-CReady,462.65,+,5,TSQL,127.3,127.3,23,NN,23,Tone->Tone,FM,5,,5.0W,https://mygmrs.com/repeater/10322: Camano Island,,,,
33,WA-Camelot,462.65,+,5,TSQL,118.8,118.8,23,NN,23,Tone->Tone,FM,5,,5.0W,https://mygmrs.com/repeater/9794: Auburn,,,,
34,WA-Cap Hill 600,462.6,+,5,TSQL,141.3,141.3,23,NN,23,Tone->Tone,FM,5,,5.0W,https://mygmrs.com/repeater/4854: Seattle,,,,
35,WA-Chandler6000,462.6,+,5,TSQL,103.5,103.5,23,NN,23,Tone->Tone,FM,5,,5.0W,https://mygmrs.com/repeater/9834: Benton City,,,,
36,WA-Cheney 725,462.725,+,5,TSQL,127.3,127.3,23,NN,23,Tone->Tone,FM,5,,5.0W,https://mygmrs.com/repeater/4425: Cheney,,,,
37,WA-Colville ERC,462.725,+,5,TSQL,100,100,23,NN,23,Tone->Tone,FM,5,,5.0W,https://mygmrs.com/repeater/5105: Colville,,,,
38,WA-Crego Hill,462.675,+,5,TSQL,103.5,103.5,23,NN,23,Tone->Tone,FM,5,,5.0W,https://mygmrs.com/repeater/2913: Chehalis,,,,
39,WA-Douglas County 575,462.575,+,5,TSQL,141.3,141.3,23,NN,23,Tone->Tone,FM,5,,5.0W,https://mygmrs.com/repeater/5722: East Wenatchee,,,,
40,WA-Dusk Peak Portable,462.55,+,5,TSQL,77,77,23,NN,23,Tone->Tone,FM,5,,5.0W,https://mygmrs.com/repeater/11113: Wilkeson,,,,
41,WA-EastOly600,462.6,+,5,TSQL,141.3,141.3,23,NN,23,Tone->Tone,FM,5,,5.0W,https://mygmrs.com/repeater/4222: Olympia,,,,
42,WA-FRS-OTH,462.575,+,5,TSQL,67,67,23,NN,23,Tone->Tone,FM,5,,5.0W,https://mygmrs.com/repeater/10284: Othello,,,,
43,WA-Ferry County South,462.6,+,5,TSQL,100,100,23,NN,23,Tone->Tone,FM,5,,5.0W,https://mygmrs.com/repeater/1543: Republic,,,,
44,WA-INLAND EMPIRE ARBORCREST 625,462.625,+,5,TSQL,100,100,23,NN,23,Tone->Tone,FM,5,,5.0W,https://mygmrs.com/repeater/4292: Spokane,,,,
45,WA-INLAND EMPIRE KRELL 675,462.675,+,5,TSQL,77,77,23,NN,23,Tone->Tone,FM,5,,5.0W,https://mygmrs.com/repeater/5418: Spokane,,,,
46,WA-Kirae Sero | base725,462.725,+,5,TSQL,136.5,136.5,23,NN,23,Tone->Tone,FM,5,,5.0W,https://mygmrs.com/repeater/10546: Orting,,,,
47,WA-Lake Forest Park 725,462.725,+,5,TSQL,141.3,141.3,23,NN,23,Tone->Tone,FM,5,,5.0W,https://mygmrs.com/repeater/6475: Seattle,,,,
48,WA-Liberty Lake,462.55,+,5,TSQL,77,77,23,NN,23,Tone->Tone,FM,5,,5.0W,https://mygmrs.com/repeater/7561: Liberty Lake,,,,
49,WA-Longview 650,462.65,+,5,Cross,210.7,233.6,23,NN,23,Tone->Tone,FM,5,,5.0W,https://mygmrs.com/repeater/10237: Longview,,,,
50,WA-Loon Lake ERC,462.575,+,5,TSQL,141.3,141.3,23,NN,23,Tone->Tone,FM,5,,5.0W,https://mygmrs.com/repeater/4221: Loon Lake,,,,
51,WA-Moses Lake 650,462.65,+,5,TSQL,206.5,206.5,23,NN,23,Tone->Tone,FM,5,,5.0W,https://mygmrs.com/repeater/3991: Moses Lake,,,,
52,WA-Mt. Si N'hood Radio Watch,462.7,+,5,TSQL,103.5,103.5,23,NN,23,Tone->Tone,FM,5,,5.0W,https://mygmrs.com/repeater/5332: North Bend,,,,
53,WA-North Bothell,462.55,+,5,Tone,241.8,88.5,23,NN,23,Tone->Tone,FM,5,S,5.0W,https://mygmrs.com/repeater/5590: Bothell,,,,
54,WA-North Seattle 675,462.675,+,5,TSQL,141.3,141.3,23,NN,23,Tone->Tone,FM,5,,5.0W,https://mygmrs.com/repeater/4855: Seattle,,,,
55,WA-OTRP-1,462.625,+,5,Cross,67,100,23,NN,23,Tone->Tone,FM,5,,5.0W,https://mygmrs.com/repeater/10210: Othello,,,,
56,WA-OTRP-2,462.55,+,5,TSQL,67,67,23,NN,23,Tone->Tone,FM,5,,5.0W,https://mygmrs.com/repeater/10211: Othello,,,,
57,WA-Oly-Comm3,462.625,+,5,TSQL,141.3,141.3,23,NN,23,Tone->Tone,FM,5,,5.0W,https://mygmrs.com/repeater/3386: Cougar Mountain,,,,
58,WA-Onalaska,462.7,+,5,Tone,103.5,88.5,23,NN,23,Tone->Tone,FM,5,S,5.0W,https://mygmrs.com/repeater/8133: Onalaska,,,,
59,WA-Orcas,462.575,+,5,Cross,141.3,100,23,NN,23,Tone->Tone,FM,5,,5.0W,https://mygmrs.com/repeater/2603: San Juan County,,,,
60,WA-PA1,462.575,+,5,TSQL,103.5,103.5,23,NN,23,Tone->Tone,FM,5,,5.0W,https://mygmrs.com/repeater/3911: Port Angeles,,,,
61,WA-POCRG 550 DIAMOND LAKE,462.55,+,5,TSQL,141.3,141.3,23,NN,23,Tone->Tone,FM,5,,5.0W,https://mygmrs.com/repeater/4356: Diamond Lake,,,,
62,WA-POCRG 725 COOKS MT,462.725,+,5,TSQL,141.3,141.3,23,NN,23,Tone->Tone,FM,5,,5.0W,https://mygmrs.com/repeater/1242: Newport,,,,
63,WA-Peacock Hill,462.675,+,5,TSQL,173.8,173.8,23,NN,23,Tone->Tone,FM,5,,5.0W,https://mygmrs.com/repeater/6607: Gig Harbor,,,,
64,WA-Pikes Peak,462.675,+,5,TSQL,141.3,141.3,23,NN,23,Tone->Tone,FM,5,,5.0W,https://mygmrs.com/repeater/2761: Walla Walla,,,,
65,WA-Richard Besseys GMRS Repeater,462.55,+,5,TSQL,100,100,23,NN,23,Tone->Tone,FM,5,,5.0W,https://mygmrs.com/repeater/1429: Walla Walla,,,,
66,WA-SMARC Othello,462.675,+,5,TSQL,136.5,136.5,23,NN,23,Tone->Tone,FM,5,,5.0W,https://mygmrs.com/repeater/5612: Othello,,,,
67,WA-Shadow,462.55,+,5,Tone,203.5,88.5,23,NN,23,Tone->Tone,FM,5,S,5.0W,https://mygmrs.com/repeater/7430: Joyce,,,,
68,WA-Skagit Valley 575,462.575,+,5,TSQL,210.7,210.7,23,NN,23,Tone->Tone,FM,5,,5.0W,https://mygmrs.com/repeater/7140: Sedro-Woolley,,,,
69,WA-Snohomish 725,462.725,+,5,TSQL,141.3,141.3,23,NN,23,Tone->Tone,FM,5,,5.0W,https://mygmrs.com/repeater/2000: Snohomish,,,,
70,WA-South Whidbey Scachet Head,462.6,+,5,TSQL,127.3,127.3,23,NN,23,Tone->Tone,FM,5,,5.0W,https://mygmrs.com/repeater/4327: Clinton,,,,
71,WA-Spokane Mountain 650 G-5,462.65,+,5,TSQL,206.5,206.5,23,NN,23,Tone->Tone,FM,5,,5.0W,https://mygmrs.com/repeater/5036: Spokane,,,,
72,WA-Spokane Valley ERC,462.7,+,5,TSQL,141.3,141.3,23,NN,23,Tone->Tone,FM,5,,5.0W,https://mygmrs.com/repeater/2826: Spokane Valley,,,,
73,WA-Sunset Hill,462.55,+,5,Tone,67,88.5,23,NN,23,Tone->Tone,FM,5,S,5.0W,https://mygmrs.com/repeater/11090: Hoquiam,,,,
74,WA-Tapps1,462.575,+,5,TSQL,156.7,156.7,23,NN,23,Tone->Tone,FM,5,,5.0W,https://mygmrs.com/repeater/1419: Lake Tapps,,,,
75,WA-Timberlake,462.725,+,5,TSQL,210.7,210.7,23,NN,23,Tone->Tone,FM,5,,5.0W,https://mygmrs.com/repeater/10191: Shelton,,,,
76,WA-WQAG924 - G3,462.6,+,5,TSQL,136.5,136.5,23,NN,23,Tone->Tone,FM,5,,5.0W,https://mygmrs.com/repeater/1320: Moses Lake,,,,
77,WA-WQAG924 - G6,462.675,+,5,TSQL,206.5,206.5,23,NN,23,Tone->Tone,FM,5,,5.0W,https://mygmrs.com/repeater/1361: Moses Lake,,,,
78,WA-WRAK316 G6,462.675,+,5,TSQL,110.9,110.9,23,NN,23,Tone->Tone,FM,5,,5.0W,https://mygmrs.com/repeater/2957: Lake Chelan,,,,
79,WA-WRBT599 | 462.650 | 141.3,462.65,+,5,TSQL,141.3,141.3,23,NN,23,Tone->Tone,FM,5,,5.0W,https://mygmrs.com/repeater/3757: Arlington,,,,
80,WA-WRKR649,462.7,+,5,Tone,136.5,88.5,23,NN,23,Tone->Tone,FM,5,S,5.0W,https://mygmrs.com/repeater/11123: Winlock,,,,
81,WA-WSCC621,462.7,+,5,TSQL,114.8,114.8,23,NN,23,Tone->Tone,FM,5,,5.0W,https://mygmrs.com/repeater/10531: Moses Lake,,,,
82,WA-Wenatchee heights 550,462.55,+,5,TSQL,88.5,206.5,23,NN,23,Tone->Tone,FM,5,,5.0W,https://mygmrs.com/repeater/403: Wenatchee,,,,
83,WA-Windsong,462.55,+,5,TSQL,136.5,136.5,23,NN,23,Tone->Tone,FM,5,,5.0W,https://mygmrs.com/repeater/8946: Kennewick,,,,
84,WA-Windy Ridge Repeater 725,462.725,+,5,TSQL,69.3,69.3,23,NN,23,Tone->Tone,FM,5,,5.0W,https://mygmrs.com/repeater/1458: Chelan County,,,,
85,WA-Yelm,462.575,+,5,TSQL,167.9,167.9,23,NN,23,Tone->Tone,FM,5,,5.0W,https://mygmrs.com/repeater/10508: Yelm,,,,
86,WA-gardner creek,462.575,+,5,TSQL,100,100,23,NN,23,Tone->Tone,FM,5,,5.0W,https://mygmrs.com/repeater/5659: republic,,,,
87,WA-P-AI-16,462.575,+,5,,88.5,88.5,23,NN,23,Tone->Tone,FM,5,S,5.0W,https://mygmrs.com/repeater/9810: Anderson Island,,,,
88,WA-P-BCW-GMRS,462.55,+,5,TSQL,136.5,136.5,23,NN,23,Tone->Tone,FM,5,,5.0W,https://mygmrs.com/repeater/11125: Benton City,,,,
89,WA-P-Bayridge Fire,462.625,+,5,,88.5,88.5,23,NN,23,Tone->Tone,FM,5,S,5.0W,https://mygmrs.com/repeater/10170: Burlington,,,,
90,WA-P-Bells Mountain,462.675,+,5,TSQL,127.3,127.3,23,NN,23,Tone->Tone,FM,5,,5.0W,https://mygmrs.com/repeater/6054: Battle Ground,,,,
91,WA-P-Cultus Mountain,462.55,+,5,,88.5,88.5,23,NN,23,Tone->Tone,FM,5,S,5.0W,https://mygmrs.com/repeater/3984: Sedro Woolley,,,,
92,WA-P-Dusk Peak,462.55,+,5,,88.5,88.5,23,NN,23,Tone->Tone,FM,5,S,5.0W,https://mygmrs.com/repeater/10392: Covington,,,,
93,WA-P-Elephant Mtn .550,462.55,+,5,,88.5,88.5,23,NN,23,Tone->Tone,FM,5,S,5.0W,https://mygmrs.com/repeater/3629: Yakima,,,,
94,WA-P-Elk Repeater,462.6,+,5,TSQL,100,100,23,NN,23,Tone->Tone,FM,5,,5.0W,https://mygmrs.com/repeater/10838: Elk,,,,
95,WA-P-FTC EMer Net,462.625,+,5,TSQL,91.5,91.5,23,NN,23,Tone->Tone,FM,5,,5.0W,https://mygmrs.com/repeater/6579: Colville,,,,
96,WA-P-G2-Wenas,462.575,+,5,TSQL,69.3,69.3,23,NN,23,Tone->Tone,FM,5,,5.0W,https://mygmrs.com/repeater/5277: Selah,,,,
97,WA-P-GC GMRS G1,462.55,+,5,TSQL,69.3,69.3,23,NN,23,Tone->Tone,FM,5,,5.0W,https://mygmrs.com/repeater/5370: Grand Coulee,,,,
98,WA-P-Hillyard 575,462.575,+,5,,88.5,88.5,23,NN,23,Tone->Tone,FM,5,S,5.0W,https://mygmrs.com/repeater/5132: Spokane,,,,
99,WA-P-Issaquah CST 675,462.675,+,5,TSQL,203.5,203.5,23,NN,23,Tone->Tone,FM,5,,5.0W,https://mygmrs.com/repeater/10533: Issaquah,,,,
100,WA-P-Issaquah CST 725,462.725,+,5,TSQL,171.3,171.3,23,NN,23,Tone->Tone,FM,5,,5.0W,https://mygmrs.com/repeater/10204: Issaquah,,,,
101,WA-P-KCARC-Gold Mt,462.6,+,5,,88.5,88.5,23,NN,23,Tone->Tone,FM,5,S,5.0W,https://mygmrs.com/repeater/7965: Bremerton,,,,
102,WA-P-Lake Stevens 462.550,462.55,+,5,,88.5,88.5,23,NN,23,Tone->Tone,FM,5,S,5.0W,https://mygmrs.com/repeater/2516: Lake Stevens,,,,
103,WA-P-Lookout 725,462.725,+,5,,88.5,88.5,23,NN,23,Tone->Tone,FM,5,S,5.0W,https://mygmrs.com/repeater/4814: Bellingham,,,,
104,WA-P-MURDERLUV,462.575,+,5,,88.5,88.5,23,NN,23,Tone->Tone,FM,5,S,5.0W,https://mygmrs.com/repeater/11092: Kelso,,,,
105,WA-P-Mt. Pleasant Community,462.725,+,5,TSQL,107.2,107.2,23,NN,23,Tone->Tone,FM,5,,5.0W,https://mygmrs.com/repeater/3948: PORT ANGELES,,,,
106,WA-P-NCCERT,462.725,+,5,,88.5,88.5,23,NN,23,Tone->Tone,FM,5,S,5.0W,https://mygmrs.com/repeater/7699: Stanwood,,,,
107,WA-P-Oly-Comm1,462.675,+,5,TSQL,100,100,23,NN,23,Tone->Tone,FM,5,,5.0W,https://mygmrs.com/repeater/2122: Discovery Bay,,,,
108,WA-P-Oly-Comm2,462.675,+,5,TSQL,210.7,210.7,23,NN,23,Tone->Tone,FM,5,,5.0W,https://mygmrs.com/repeater/2914: Port Townsend,,,,
109,WA-P-Pasco Stake Repeater,462.65,+,5,TSQL,123,123,23,NN,23,Tone->Tone,FM,5,,5.0W,https://mygmrs.com/repeater/9858: Pasco,,,,
110,WA-P-Pegasus 1,462.65,+,5,,88.5,88.5,23,NN,23,Tone->Tone,FM,5,S,5.0W,https://mygmrs.com/repeater/3595: Redmond,,,,
111,WA-P-Prosser/Rattlesnake,462.725,+,5,Tone,88.5,88.5,23,NN,23,Tone->Tone,FM,5,S,5.0W,https://mygmrs.com/repeater/10148: Grandview,,,,
112,WA-P-Prune Hill,462.725,+,5,,88.5,88.5,23,NN,23,Tone->Tone,FM,5,S,5.0W,https://mygmrs.com/repeater/5839: Camas,,,,
113,WA-P-RIS 700,462.7,+,5,Tone,100,88.5,23,NN,23,Tone->Tone,FM,5,S,5.0W,https://mygmrs.com/repeater/4669: Lacey,,,,
114,WA-P-San Juan 600,462.6,+,5,TSQL,141.3,141.3,23,NN,23,Tone->Tone,FM,5,,5.0W,https://mygmrs.com/repeater/1515: Decatur Island,,,,
115,WA-P-Satus G6,462.675,+,5,,88.5,88.5,23,NN,23,Tone->Tone,FM,5,S,5.0W,https://mygmrs.com/repeater/6556: White Swan,,,,
116,WA-P-Selah G5,462.65,+,5,TSQL,69.3,69.3,23,NN,23,Tone->Tone,FM,5,,5.0W,https://mygmrs.com/repeater/5069: Selah,,,,
117,WA-P-Shorline,462.6,+,5,,88.5,88.5,23,NN,23,Tone->Tone,FM,5,S,5.0W,https://mygmrs.com/repeater/956: Shoreline,,,,
118,WA-P-Sumas 675,462.675,+,5,TSQL,114.8,114.8,23,NN,23,Tone->Tone,FM,5,,5.0W,https://mygmrs.com/repeater/9458: Everson,,,,
119,WA-P-Tampico G3,462.6,+,5,,88.5,88.5,23,NN,23,Tone->Tone,FM,5,S,5.0W,https://mygmrs.com/repeater/6753: Yakima,,,,
120,WA-P-Trilogy 575 Repeater,462.575,+,5,Cross,123,88.5,23,NN,274,Tone->DTCS,FM,5,,5.0W,https://mygmrs.com/repeater/9993: Redmond,,,,
121,WA-P-Trilogy 600 Redmond,462.6,+,5,TSQL,123,123,23,NN,23,Tone->Tone,FM,5,,5.0W,https://mygmrs.com/repeater/6977: Redmond,,,,
122,WA-P-Woodland 600,462.6,+,5,,88.5,88.5,23,NN,23,Tone->Tone,FM,5,S,5.0W,https://mygmrs.com/repeater/6570: Woodland,,,,
123,WA-P-Yakima G7,462.7,+,5,TSQL,141.3,141.3,23,NN,23,Tone->Tone,FM,5,,5.0W,https://mygmrs.com/repeater/3895: YAKIMA,,,,
124,ID-20-8 Communicate,462.675,+,5,TSQL,88.5,88.5,23,NN,23,Tone->Tone,FM,5,,5.0W,https://mygmrs.com/repeater/6442: Soda Springs,,,,
125,ID-Adhoc-575,462.575,+,5,Tone,100,88.5,23,NN,23,Tone->Tone,FM,5,S,5.0W,https://mygmrs.com/repeater/8638: kuna,,,,
126,ID-Ammon North 625,462.625,+,5,TSQL,141.3,141.3,23,NN,23,Tone->Tone,FM,5,,5.0W,https://mygmrs.com/repeater/8434: Ammon,,,,
127,ID-BC-GMRS,462.55,+,5,TSQL,146.2,146.2,23,NN,23,Tone->Tone,FM,5,,5.0W,https://mygmrs.com/repeater/6360: Pocatello,,,,
128,ID-BYU-I GMRS .725,462.725,+,5,TSQL,141.3,141.3,23,NN,23,Tone->Tone,FM,5,,5.0W,https://mygmrs.com/repeater/4628: Rexburg,,,,
129,ID-CRB700,462.7,+,5,TSQL,123,123,23,NN,23,Tone->Tone,FM,5,,5.0W,https://mygmrs.com/repeater/10717: Mountain Home,,,,
130,ID-CalCan 600,462.6,+,5,TSQL,67,67,23,NN,23,Tone->Tone,FM,5,,5.0W,https://mygmrs.com/repeater/3832: Caldwell,,,,
131,ID-Caribou 625,462.625,+,5,TSQL,97.4,97.4,23,NN,23,Tone->Tone,FM,5,,5.0W,https://mygmrs.com/repeater/5302: Soda Springs,,,,
132,ID-Digs,462.65,+,5,TSQL,141.3,141.3,23,NN,23,Tone->Tone,FM,5,,5.0W,https://mygmrs.com/repeater/9934: Homedale,,,,
133,ID-EXBacon,462.575,+,5,TSQL,69.3,69.3,23,NN,23,Tone->Tone,FM,5,,5.0W,https://mygmrs.com/repeater/8333: Tendoy,,,,
134,ID-Frawley\'s,462.625,+,5,TSQL,103.5,103.5,23,NN,23,Tone->Tone,FM,5,,5.0W,https://mygmrs.com/repeater/2628: SAINT MARIES,,,,
135,ID-GATES550,462.55,+,5,TSQL,74.4,74.4,23,NN,23,Tone->Tone,FM,5,,5.0W,https://mygmrs.com/repeater/10243: Post Falls,,,,
136,ID-GEM 700,462.7,+,5,TSQL,250.3,250.3,23,NN,23,Tone->Tone,FM,5,,5.0W,https://mygmrs.com/repeater/4025: Emmett,,,,
137,ID-GV650,462.65,+,5,,88.5,88.5,23,NN,23,Tone->Tone,FM,5,S,5.0W,https://mygmrs.com/repeater/10113: Garden Valley,,,,
138,ID-GWHIZ70/650,462.675,+,5,TSQL,141.3,141.3,23,NN,23,Tone->Tone,FM,5,,5.0W,https://mygmrs.com/repeater/6254: KENDRICK,,,,
139,ID-Grangeville ERC 675,462.675,+,5,TSQL,141.3,141.3,23,NN,23,Tone->Tone,FM,5,,5.0W,https://mygmrs.com/repeater/4258: Grangeville,,,,
140,ID-Hayden ERC,462.725,+,5,TSQL,141.3,141.3,23,NN,23,Tone->Tone,FM,5,,5.0W,https://mygmrs.com/repeater/3155: Hayden,,,,
141,ID-Hayden Meteo 625,462.625,+,5,TSQL,136.5,136.5,23,NN,23,Tone->Tone,FM,5,,5.0W,https://mygmrs.com/repeater/7951: Hayden,,,,
142,ID-ID-GDC 462.5750,462.575,+,5,DTCS,88.5,88.5,454,NN,454,Tone->Tone,FM,5,,5.0W,https://mygmrs.com/repeater/8579: Garden City,,,,
143,ID-ID-MDN 462.600,462.675,+,5,DTCS,88.5,88.5,311,NN,311,Tone->Tone,FM,5,,5.0W,https://mygmrs.com/repeater/8867: Meridian,,,,
144,ID-IPHAMS-GMRS,462.65,+,5,TSQL,136.5,136.5,23,NN,23,Tone->Tone,FM,5,,5.0W,https://mygmrs.com/repeater/10102: Island Park,,,,
145,ID-Jake,462.625,+,5,TSQL,141.3,141.3,23,NN,23,Tone->Tone,FM,5,,5.0W,https://mygmrs.com/repeater/10977: Homedale,,,,
146,ID-Long Mountain 625,462.625,+,5,TSQL,141.3,141.3,23,NN,23,Tone->Tone,FM,5,,5.0W,https://mygmrs.com/repeater/9644: Cocolalla,,,,
147,ID-Medics 575,462.575,+,5,TSQL,192.8,192.8,23,NN,23,Tone->Tone,FM,5,,5.0W,https://mygmrs.com/repeater/9095: Cocolalla,,,,
148,ID-MoHo675,462.675,+,5,TSQL,141.3,141.3,23,NN,23,Tone->Tone,FM,5,,5.0W,https://mygmrs.com/repeater/6227: Mountain Home,,,,
149,ID-Orofino Ahsahka 600,462.6,+,5,TSQL,141.3,141.3,23,NN,23,Tone->Tone,FM,5,,5.0W,https://mygmrs.com/repeater/3566: Orofino,,,,
150,ID-Orofino Clearwater 650,462.65,+,5,TSQL,141.3,141.3,23,NN,23,Tone->Tone,FM,5,,5.0W,https://mygmrs.com/repeater/5170: Orofino,,,,
151,ID-PR 650,462.65,+,5,TSQL,141.3,141.3,23,NN,23,Tone->Tone,FM,5,,5.0W,https://mygmrs.com/repeater/8076: Priest River,,,,
152,ID-Peck Party Line 625,462.625,+,5,TSQL,141.3,141.3,23,NN,23,Tone->Tone,FM,5,,5.0W,https://mygmrs.com/repeater/10231: Peck,,,,
153,ID-Post Falls 600,462.6,+,5,TSQL,141.3,141.3,23,NN,23,Tone->Tone,FM,5,,5.0W,https://mygmrs.com/repeater/4967: Post Falls,,,,
154,ID-Rockhamptons II,462.7,+,5,TSQL,136.5,136.5,23,NN,23,Tone->Tone,FM,5,,5.0W,https://mygmrs.com/repeater/11001: Boise,,,,
155,ID-Rust Repeater,462.575,+,5,TSQL,173.8,173.8,23,NN,23,Tone->Tone,FM,5,,5.0W,https://mygmrs.com/repeater/10697: Buhl,,,,
156,ID-Seek2,462.6,+,5,,88.5,88.5,23,NN,23,Tone->Tone,FM,5,S,5.0W,https://mygmrs.com/repeater/9653: Nampa,,,,
157,ID-Soldier Creek 600,462.6,+,5,TSQL,77,77,23,NN,23,Tone->Tone,FM,5,,5.0W,https://mygmrs.com/repeater/5095: Coolin,,,,
158,ID-TV675,462.675,+,5,DTCS,88.5,88.5,205,NN,205,Tone->Tone,FM,5,,5.0W,https://mygmrs.com/repeater/9872: Meridian,,,,
159,ID-Taylor675,462.675,+,5,TSQL,141.3,141.3,23,NN,23,Tone->Tone,FM,5,,5.0W,https://mygmrs.com/repeater/4395: Taylorville,,,,
160,ID-Upper Valley,462.6,+,5,DTCS,88.5,88.5,246,NN,246,Tone->Tone,FM,5,,5.0W,https://mygmrs.com/repeater/9950: Parma,,,,
161,ID-VWREACT Boise 625,462.625,+,5,DTCS,88.5,88.5,73,NN,73,Tone->Tone,FM,5,,5.0W,https://mygmrs.com/repeater/6392: Boise,,,,
162,ID-WQGV202,462.6,+,5,TSQL,123,123,23,NN,23,Tone->Tone,FM,5,,5.0W,https://mygmrs.com/repeater/5715: Rexburg,,,,
163,ID-WRFW386 Sedgwick,462.575,+,5,TSQL,103.5,103.5,23,NN,23,Tone->Tone,FM,5,,5.0W,https://mygmrs.com/repeater/10763: Grace,,,,
164,ID-WROR578,462.55,+,5,TSQL,136.5,136.5,23,NN,23,Tone->Tone,FM,5,,5.0W,https://mygmrs.com/repeater/10698: Twin Falls,,,,
165,ID-WRWL557,462.725,+,5,TSQL,103.5,103.5,23,NN,23,Tone->Tone,FM,5,,5.0W,https://mygmrs.com/repeater/7152: Star,,,,
166,ID-WSBV341,462.6,+,5,TSQL,167.9,167.9,23,NN,23,Tone->Tone,FM,5,,5.0W,https://mygmrs.com/repeater/9061: Jerome,,,,
167,ID-WSIC961 Groveland,462.65,+,5,TSQL,141.3,141.3,23,NN,23,Tone->Tone,FM,5,,5.0W,https://mygmrs.com/repeater/10829: Blackfoot,,,,
168,ID-moho550,462.55,+,5,TSQL,136.5,136.5,23,NN,23,Tone->Tone,FM,5,,5.0W,https://mygmrs.com/repeater/9083: mountain,,,,
169,ID-P-BC-CSG 600 HOODOO MT,462.55,+,5,,88.5,88.5,23,NN,23,Tone->Tone,FM,5,S,5.0W,https://mygmrs.com/repeater/4595: Blanchard,,,,
170,ID-P-Boise 650,462.65,+,5,TSQL,114.8,114.8,23,NN,23,Tone->Tone,FM,5,,5.0W,https://mygmrs.com/repeater/7194: Boise,,,,
171,ID-P-Hauser Lake ECS,462.65,+,5,,88.5,88.5,23,NN,23,Tone->Tone,FM,5,S,5.0W,https://mygmrs.com/repeater/4417: Hauser,,,,
172,ID-P-Hidden Springs,462.6,+,5,,88.5,88.5,23,NN,23,Tone->Tone,FM,5,S,5.0W,https://mygmrs.com/repeater/10560: Hidden Springs,,,,
173,ID-P-Mica 725,462.725,+,5,,88.5,88.5,23,NN,23,Tone->Tone,FM,5,S,5.0W,https://mygmrs.com/repeater/5014: Post Falls,,,,
174,ID-P-North Summit,462.675,+,5,TSQL,192.8,192.8,23,NN,23,Tone->Tone,FM,5,,5.0W,https://mygmrs.com/repeater/10350: Sandpoint,,,,
175,ID-P-RG 208,462.725,+,5,,88.5,88.5,23,NN,23,Tone->Tone,FM,5,S,5.0W,https://mygmrs.com/repeater/10642: Emmett,,,,
176,ID-P-Rathdrum Prairie,462.65,+,5,TSQL,136.5,136.5,23,NN,23,Tone->Tone,FM,5,,5.0W,https://mygmrs.com/repeater/7962: Rathdrum,,,,
177,ID-P-ReFam OT RP,462.6,+,5,,88.5,88.5,23,NN,23,Tone->Tone,FM,5,S,5.0W,https://mygmrs.com/repeater/6373: Oldtown,,,,
178,ID-P-Seek1,462.55,+,5,,88.5,88.5,23,NN,23,Tone->Tone,FM,5,S,5.0W,https://mygmrs.com/repeater/9652: Meridian,,,,
179,ID-P-VAL725,462.725,+,5,,88.5,88.5,23,NN,23,Tone->Tone,FM,5,S,5.0W,https://mygmrs.com/repeater/10044: Lake Fork,,,,
180,ID-P-WQWJ849-600,462.6,+,5,,88.5,88.5,23,NN,23,Tone->Tone,FM,5,S,5.0W,https://mygmrs.com/repeater/2055: Kuna,,,,
181,ID-P-WRFW386 Preston,462.6,+,5,TSQL,103.5,103.5,23,NN,23,Tone->Tone,FM,5,,5.0W,https://mygmrs.com/repeater/3875: Preston,,,,
182,ID-P-five mile,462.725,+,5,TSQL,114.8,114.8,23,NN,23,Tone->Tone,FM,5,,5.0W,https://mygmrs.com/repeater/6900: boise,,,,
183,OR-ARRG PDX,462.55,+,5,TSQL,100,100,23,NN,23,Tone->Tone,FM,5,,5.0W,https://mygmrs.com/repeater/2515: Portland,,,,
184,OR-Albany 625,462.625,+,5,TSQL,141.3,141.3,23,NN,23,Tone->Tone,FM,5,,5.0W,https://mygmrs.com/repeater/5269: Albany,,,,
185,OR-Baldy 575,462.575,+,5,TSQL,179.9,179.9,23,NN,23,Tone->Tone,FM,5,,5.0W,https://mygmrs.com/repeater/5463: Grants Pass,,,,
186,OR-Bcev,462.625,+,5,TSQL,77,77,23,NN,23,Tone->Tone,FM,5,,5.0W,https://mygmrs.com/repeater/9077: Bay City,,,,
187,OR-Board Corral Mountain,462.675,+,5,TSQL,141.3,141.3,23,NN,23,Tone->Tone,FM,5,,5.0W,https://mygmrs.com/repeater/8663: Adrian,,,,
188,OR-Boardman 625,462.625,+,5,Tone,141.3,88.5,23,NN,23,Tone->Tone,FM,5,S,5.0W,https://mygmrs.com/repeater/6648: Boardman,,,,
189,OR-Brightwood,462.55,+,5,,88.5,88.5,23,NN,23,Tone->Tone,FM,5,S,5.0W,https://mygmrs.com/repeater/10421: Brightwood,,,,
190,OR-Brooks 600,462.6,+,5,TSQL,179.9,179.9,23,NN,23,Tone->Tone,FM,5,,5.0W,https://mygmrs.com/repeater/10123: Brooks,,,,
191,OR-Brownsville/Central Valley 725,462.725,+,5,TSQL,127.3,127.3,23,NN,23,Tone->Tone,FM,5,,5.0W,https://mygmrs.com/repeater/7942: Brownsville,,,,
192,OR-Bunker Hill,462.625,+,5,TSQL,192.8,192.8,23,NN,23,Tone->Tone,FM,5,,5.0W,https://mygmrs.com/repeater/10938: St Helens,,,,
193,OR-CH550 - Chiloquin,462.55,+,5,TSQL,127.3,127.3,23,NN,23,Tone->Tone,FM,5,,5.0W,https://mygmrs.com/repeater/10327: Chiloquin,,,,
194,OR-COMMANDO,462.55,+,5,TSQL,173.8,173.8,23,NN,23,Tone->Tone,FM,5,,5.0W,https://mygmrs.com/repeater/8419: St Helens,,,,
195,OR-CP650,462.65,+,5,Tone,141.3,88.5,23,NN,23,Tone->Tone,FM,5,S,5.0W,https://mygmrs.com/repeater/2390: Central Point,,,,
196,OR-Cooper Mountain,462.65,+,5,TSQL,107.2,107.2,23,NN,23,Tone->Tone,FM,5,,5.0W,https://mygmrs.com/repeater/10072: Beaverton,,,,
197,OR-Crescent Butte,462.55,+,5,,88.5,88.5,23,NN,23,Tone->Tone,FM,5,S,5.0W,https://mygmrs.com/repeater/10743: Crescent,,,,
198,OR-Deschutes River Woods 600,462.6,+,5,TSQL,136.5,136.5,23,NN,23,Tone->Tone,FM,5,,5.0W,https://mygmrs.com/repeater/5012: Bend,,,,
199,OR-ELK 675 - OREGON GMRS,462.675,+,5,TSQL,141.3,141.3,23,NN,23,Tone->Tone,FM,5,,5.0W,https://mygmrs.com/repeater/1282: Wimer - Jackson County,,,,
200,OR-EP600,462.6,+,5,TSQL,123,123,23,NN,23,Tone->Tone,FM,5,,5.0W,https://mygmrs.com/repeater/8466: Eagle Point,,,,
201,OR-Estacada625,462.625,+,5,TSQL,67,67,23,NN,23,Tone->Tone,FM,5,,5.0W,https://mygmrs.com/repeater/8907: Estacada,,,,
202,OR-FG (Fern Hill),462.575,+,5,TSQL,136.5,136.5,23,NN,23,Tone->Tone,FM,5,,5.0W,https://mygmrs.com/repeater/6530: Forest Grove,,,,
203,OR-FM675 Ferguson Mtn,462.675,+,5,TSQL,127.3,127.3,23,NN,23,Tone->Tone,FM,5,,5.0W,https://mygmrs.com/repeater/6165: Beatty,,,,
204,OR-Fat Elk,462.725,+,5,TSQL,141.3,141.3,23,NN,23,Tone->Tone,FM,5,,5.0W,https://mygmrs.com/repeater/10902: Coquille,,,,
205,OR-Fern Ridge (Veneta) 675,462.675,+,5,TSQL,141.3,141.3,23,NN,23,Tone->Tone,FM,5,,5.0W,https://mygmrs.com/repeater/5829: Veneta,,,,
206,OR-Gervais 550,462.55,+,5,TSQL,250.3,250.3,23,NN,23,Tone->Tone,FM,5,,5.0W,https://mygmrs.com/repeater/8214: Gervais,,,,
207,OR-Goat Mountain,462.7,+,5,TSQL,107.2,107.2,23,NN,23,Tone->Tone,FM,5,,5.0W,https://mygmrs.com/repeater/10073: Colton,,,,
208,OR-Gresham PDX,462.7,+,5,,88.5,88.5,23,NN,23,Tone->Tone,FM,5,S,5.0W,https://mygmrs.com/repeater/4241: Gresham,,,,
209,OR-Hopewell 650,462.65,+,5,TSQL,141.3,141.3,23,NN,23,Tone->Tone,FM,5,,5.0W,https://mygmrs.com/repeater/5259: Hopewell,,,,
210,OR-Huy600,462.6,+,5,TSQL,118.8,118.8,23,NN,23,Tone->Tone,FM,5,,5.0W,https://mygmrs.com/repeater/5908: Beaverton,,,,
211,OR-Hwy 26 near CJ's Food Mart,462.725,+,5,,88.5,88.5,23,NN,23,Tone->Tone,FM,5,S,5.0W,https://mygmrs.com/repeater/10526: Government Camp,,,,
212,OR-IM650 Dead Indian Mtn.,462.65,+,5,DTCS,88.5,88.5,606,NN,606,Tone->Tone,FM,5,,5.0W,https://mygmrs.com/repeater/10953: Summer Lake,,,,
213,OR-IV550 - OREGON GMRS,462.55,+,5,TSQL,141.3,141.3,23,NN,23,Tone->Tone,FM,5,,5.0W,https://mygmrs.com/repeater/1753: Selma - Josephine County,,,,
214,OR-IVARC,462.6,+,5,TSQL,141.3,141.3,23,NN,23,Tone->Tone,FM,5,,5.0W,https://mygmrs.com/repeater/10465: SELMA,,,,
215,OR-KF600 Hogback Mtn.,462.6,+,5,TSQL,127.3,127.3,23,NN,23,Tone->Tone,FM,5,,5.0W,https://mygmrs.com/repeater/6543: Klamath Falls,,,,
216,OR-Keizer 575,462.575,+,5,TSQL,141.3,141.3,23,NN,23,Tone->Tone,FM,5,,5.0W,https://mygmrs.com/repeater/8198: Keizer,,,,
217,OR-Klamath550,462.55,+,5,TSQL,67,67,23,NN,23,Tone->Tone,FM,5,,5.0W,https://mygmrs.com/repeater/566: Klamath Falls,,,,
218,OR-LCARES,462.625,+,5,TSQL,123,123,23,NN,23,Tone->Tone,FM,5,,5.0W,https://mygmrs.com/repeater/2051: Linn County,,,,
219,OR-La Pine,462.7,+,5,Tone,123,88.5,23,NN,23,Tone->Tone,FM,5,S,5.0W,https://mygmrs.com/repeater/11011: La Pine,,,,
220,OR-Lyons 700,462.7,+,5,TSQL,141.3,141.3,23,NN,23,Tone->Tone,FM,5,,5.0W,https://mygmrs.com/repeater/2701: Lyons,,,,
221,OR-M1,462.625,+,5,,88.5,88.5,23,NN,23,Tone->Tone,FM,5,S,5.0W,https://mygmrs.com/repeater/838: Hermiston,,,,
222,OR-M1A1 crewman,462.675,+,5,TSQL,123,123,23,NN,23,Tone->Tone,FM,5,,5.0W,https://mygmrs.com/repeater/8521: SAINT HELENS,,,,
223,OR-MLCN-8R,462.725,+,5,,88.5,88.5,23,NN,23,Tone->Tone,FM,5,S,5.0W,https://mygmrs.com/repeater/9258: CHRISTMAS VALLEY,,,,
224,OR-Molalla650,462.65,+,5,TSQL,100,100,23,NN,23,Tone->Tone,FM,5,,5.0W,https://mygmrs.com/repeater/2029: Molalla,,,,
225,OR-NV725 - OREGON GMRS,462.725,+,5,TSQL,141.3,141.3,23,NN,23,Tone->Tone,FM,5,,5.0W,https://mygmrs.com/repeater/1362: Grants Pass - Josephine County,,,,
226,OR-Newberg 575,462.575,+,5,TSQL,225.7,225.7,23,NN,23,Tone->Tone,FM,5,,5.0W,https://mygmrs.com/repeater/10282: Newberg,,,,
227,OR-Oregon City 575,462.575,+,5,TSQL,110.9,110.9,23,NN,23,Tone->Tone,FM,5,,5.0W,https://mygmrs.com/repeater/3525: Oregon City,,,,
228,OR-Overlook 625,462.625,+,5,TSQL,156.7,156.7,23,NN,23,Tone->Tone,FM,5,,5.0W,https://mygmrs.com/repeater/3935: Portland,,,,
229,OR-PHOENIX 700 - OREGON GMRS,462.7,+,5,DTCS,88.5,88.5,743,NN,743,Tone->Tone,FM,5,,5.0W,https://mygmrs.com/repeater/7357: Phoenix - Jackson County,,,,
230,OR-Pioneer 675,462.675,+,5,TSQL,218.1,218.1,23,NN,23,Tone->Tone,FM,5,,5.0W,https://mygmrs.com/repeater/4565: Oregon City,,,,
231,OR-Portland 1,462.7,+,5,TSQL,110.9,110.9,23,NN,23,Tone->Tone,FM,5,,5.0W,https://mygmrs.com/repeater/2962: Portland,,,,
232,OR-Powell 675,462.675,+,5,TSQL,162.2,162.2,23,NN,23,Tone->Tone,FM,5,,5.0W,https://mygmrs.com/repeater/11073: POWELL BUTTE,,,,
233,OR-Powell 675,462.675,+,5,TSQL,162.2,162.2,23,NN,23,Tone->Tone,FM,5,,5.0W,https://mygmrs.com/repeater/8727: Powell Butte,,,,
234,OR-RB575,462.575,+,5,DTCS,88.5,88.5,606,NN,606,Tone->Tone,FM,5,,5.0W,https://mygmrs.com/repeater/8069: Roseburg,,,,
235,OR-RBEMCOM,462.55,+,5,TSQL,151.4,151.4,23,NN,23,Tone->Tone,FM,5,,5.0W,https://mygmrs.com/repeater/3545: Rockaway Beach,,,,
236,OR-Rogue 625,462.625,+,5,,88.5,88.5,23,NN,23,Tone->Tone,FM,5,S,5.0W,https://mygmrs.com/repeater/7341: Rogue River,,,,
237,OR-Rogue Link 700,462.7,+,5,,88.5,88.5,23,NN,23,Tone->Tone,FM,5,S,5.0W,https://mygmrs.com/repeater/7340: Rogue River,,,,
238,OR-SRCRT-1,462.55,+,5,Tone,107.2,88.5,23,NN,23,Tone->Tone,FM,5,S,5.0W,https://mygmrs.com/repeater/6403: Sprague River,,,,
239,OR-SW550,462.55,+,5,TSQL,127.3,127.3,23,NN,23,Tone->Tone,FM,5,,5.0W,https://mygmrs.com/repeater/6240: Sutherlin,,,,
240,OR-Salem 675,462.675,+,5,TSQL,141.3,141.3,23,NN,23,Tone->Tone,FM,5,,5.0W,https://mygmrs.com/repeater/5369: Salem,,,,
241,OR-Sandy,462.725,+,5,TSQL,103.5,103.5,23,NN,23,Tone->Tone,FM,5,,5.0W,https://mygmrs.com/repeater/10194: Sandy,,,,
242,OR-Sherwood700,462.7,+,5,TSQL,141.3,141.3,23,NN,23,Tone->Tone,FM,5,,5.0W,https://mygmrs.com/repeater/4623: Sherwood,,,,
243,OR-Shutters Landing,462.7,+,5,TSQL,141.3,141.3,23,NN,23,Tone->Tone,FM,5,,5.0W,https://mygmrs.com/repeater/5720: Hauser,,,,
244,OR-Sisters 675,462.675,+,5,TSQL,136.5,136.5,23,NN,23,Tone->Tone,FM,5,,5.0W,https://mygmrs.com/repeater/9270: Sisters,,,,
245,OR-Skyway-Rhododendron,462.65,+,5,,88.5,88.5,23,NN,23,Tone->Tone,FM,5,S,5.0W,https://mygmrs.com/repeater/10816: Rhododendron,,,,
246,OR-SoapCreek550,462.55,+,5,TSQL,131.8,131.8,23,NN,23,Tone->Tone,FM,5,,5.0W,https://mygmrs.com/repeater/9833: Corvallis,,,,
247,OR-Stayton 575,462.575,+,5,TSQL,171.3,171.3,23,NN,23,Tone->Tone,FM,5,,5.0W,https://mygmrs.com/repeater/10494: Stayton,,,,
248,OR-Sweet Home 725,462.725,+,5,TSQL,141.3,141.3,23,NN,23,Tone->Tone,FM,5,,5.0W,https://mygmrs.com/repeater/2680: Sweet Home,,,,
249,OR-Tillamook,462.7,+,5,Tone,100,88.5,23,NN,23,Tone->Tone,FM,5,S,5.0W,https://mygmrs.com/repeater/11050: Tillamook,,,,
250,OR-Tualatin CERT - WRPP345,462.575,+,5,TSQL,123,123,23,NN,23,Tone->Tone,FM,5,,5.0W,https://mygmrs.com/repeater/11027: Tualatin,,,,
251,OR-WRPX794,462.625,+,5,TSQL,100,100,23,NN,23,Tone->Tone,FM,5,,5.0W,https://mygmrs.com/repeater/10984: Gaston,,,,
252,OR-WS600 Oregon,462.6,+,5,TSQL,136.5,136.5,23,NN,23,Tone->Tone,FM,5,,5.0W,https://mygmrs.com/repeater/10261: Willamina,,,,
253,OR-Welches,462.6,+,5,,88.5,88.5,23,NN,23,Tone->Tone,FM,5,S,5.0W,https://mygmrs.com/repeater/10365: Welches,,,,
254,OR-Wilsonville 725,462.725,+,5,TSQL,110.9,110.9,23,NN,23,Tone->Tone,FM,5,,5.0W,https://mygmrs.com/repeater/4256: Wilsonville,,,,
255,OR-P-Alfalfa 675,462.675,+,5,,88.5,88.5,23,NN,23,Tone->Tone,FM,5,S,5.0W,https://mygmrs.com/repeater/6716: Bend,,,,
256,OR-P-Amateur Radio Relay Group,462.55,+,5,TSQL,100,100,23,NN,23,Tone->Tone,FM,5,,5.0W,https://mygmrs.com/repeater/4020: Portland,,,,
257,OR-P-Bend 650 North,462.65,+,5,,88.5,88.5,23,NN,23,Tone->Tone,FM,5,S,5.0W,https://mygmrs.com/repeater/5119: Bend,,,,
258,OR-P-Cabbage Hill,462.625,+,5,,88.5,88.5,23,NN,23,Tone->Tone,FM,5,S,5.0W,https://mygmrs.com/repeater/7722: Pendleton,,,,
259,OR-P-Canby Fire District,462.625,+,5,TSQL,162.2,162.2,23,NN,23,Tone->Tone,FM,5,,5.0W,https://mygmrs.com/repeater/10007: Canby,,,,
260,OR-P-Deschutes 550,462.55,+,5,,88.5,88.5,23,NN,23,Tone->Tone,FM,5,S,5.0W,https://mygmrs.com/repeater/6717: Bend,,,,
261,OR-P-Deschutes 625,462.625,+,5,,88.5,88.5,23,NN,23,Tone->Tone,FM,5,S,5.0W,https://mygmrs.com/repeater/6714: Redmond,,,,
262,OR-P-Grants Pass1,462.65,+,5,,88.5,88.5,23,NN,23,Tone->Tone,FM,5,S,5.0W,https://mygmrs.com/repeater/205: Grants Pass,,,,
263,OR-P-Herman Peak,462.725,+,5,Tone,186.2,88.5,23,NN,23,Tone->Tone,FM,5,S,5.0W,https://mygmrs.com/repeater/9058: Florence,,,,
264,OR-P-LV625 Grizzly Peak,462.625,+,5,DTCS,88.5,88.5,606,NN,606,Tone->Tone,FM,5,,5.0W,https://mygmrs.com/repeater/6544: Lakeview,,,,
265,OR-P-Lone Pine,462.675,+,5,TSQL,136.5,136.5,23,NN,23,Tone->Tone,FM,5,,5.0W,https://mygmrs.com/repeater/7460: Hines,,,,
266,OR-P-Longhorn GMRS,462.7,+,5,,88.5,88.5,23,NN,23,Tone->Tone,FM,5,S,5.0W,https://mygmrs.com/repeater/9420: Prineville,,,,
267,OR-P-Madras 575,462.575,+,5,,88.5,88.5,23,NN,23,Tone->Tone,FM,5,S,5.0W,https://mygmrs.com/repeater/6720: Madras,,,,
268,OR-P-Milwaukie CERT,462.7,+,5,TSQL,167.9,167.9,23,NN,23,Tone->Tone,FM,5,,5.0W,https://mygmrs.com/repeater/10162: Milwaukie,,,,
269,OR-P-NMSF 700,462.7,+,5,,88.5,88.5,23,NN,23,Tone->Tone,FM,5,S,5.0W,https://mygmrs.com/repeater/5395: Halsey,,,,
270,OR-P-OAK725,462.725,+,5,TSQL,123,123,23,NN,23,Tone->Tone,FM,5,,5.0W,https://mygmrs.com/repeater/7684: Oak Lodge,,,,
271,OR-P-Prineville 600,462.625,+,5,,88.5,88.5,23,NN,23,Tone->Tone,FM,5,S,5.0W,https://mygmrs.com/repeater/6715: Prineville,,,,
272,OR-P-RVM-READY,462.55,+,5,,88.5,88.5,23,NN,23,Tone->Tone,FM,5,S,5.0W,https://mygmrs.com/repeater/9319: Medford,,,,
273,OR-P-Redmond 550,462.55,+,5,,88.5,88.5,23,NN,23,Tone->Tone,FM,5,S,5.0W,https://mygmrs.com/repeater/4749: Bend,,,,
274,OR-P-Redmond 675,462.675,+,5,TSQL,141.3,141.3,23,NN,23,Tone->Tone,FM,5,,5.0W,https://mygmrs.com/repeater/6721: Bend,,,,
275,OR-P-Riverdale NET 625,462.625,+,5,,88.5,88.5,23,NN,23,Tone->Tone,FM,5,S,5.0W,https://mygmrs.com/repeater/4785: Portland,,,,
276,OR-P-Sellwood NET,462.65,+,5,,88.5,88.5,23,NN,23,Tone->Tone,FM,5,S,5.0W,https://mygmrs.com/repeater/3934: PORTLAND,,,,
277,OR-P-Sisters East 700,462.7,+,5,,88.5,88.5,23,NN,23,Tone->Tone,FM,5,S,5.0W,https://mygmrs.com/repeater/5173: Sisters,,,,
278,OR-P-TFD600,462.6,+,5,,88.5,88.5,23,NN,23,Tone->Tone,FM,5,S,5.0W,https://mygmrs.com/repeater/3865: Medford,,,,
279,OR-P-Takilma 625,462.625,+,5,,88.5,88.5,23,NN,23,Tone->Tone,FM,5,S,5.0W,https://mygmrs.com/repeater/10433: Cave Junction,,,,
280,OR-P-WESTON MT.,462.65,+,5,,88.5,88.5,23,NN,23,Tone->Tone,FM,5,S,5.0W,https://mygmrs.com/repeater/10647: ATHENA,,,,
281,OR-P-WQZG336 ROSEBURG VHA,462.625,+,5,,88.5,88.5,23,NN,23,Tone->Tone,FM,5,S,5.0W,https://mygmrs.com/repeater/9120: ROSEBURG,,,,
282,,,,,,,,,,,,,,,,,,,,
283,,,,,,,,,,,,,,,,,,,,
284,NOAA 1,162.4,,0,,88.5,88.5,23,NN,23,Tone->Tone,FM,5,,5.0W,,,,,
285,NOAA 2,162.425,,0,,88.5,88.5,23,NN,23,Tone->Tone,FM,5,,5.0W,,,,,
286,NOAA 3,162.45,,0,,88.5,88.5,23,NN,23,Tone->Tone,FM,5,,5.0W,,,,,
287,NOAA 4,162.475,,0,,88.5,88.5,23,NN,23,Tone->Tone,FM,5,,5.0W,,,,,
288,NOAA 5,162.5,,0,,88.5,88.5,23,NN,23,Tone->Tone,FM,5,,5.0W,,,,,
289,NOAA 6,162.525,,0,,88.5,88.5,23,NN,23,Tone->Tone,FM,5,,5.0W,,,,,
290,NOAA 7,162.55,,0,,88.5,88.5,23,NN,23,Tone->Tone,FM,5,,5.0W,,,,,